factor,item,std_loading
ECON,e_equalopp,0.673
ECON,e_worryless,0.843
ECON,e_chance,0.722
ECON,e_fewerprob,0.774
ECON,e_redist,0.918
ECON,e_wealth,0.967
ECON,e_econbias,0.802
ECON,e_unfair,0.723
ECON,i_govless,-0.965
ECON,i_freemkt,-0.94
ECON,i_overreg,-0.873
ECON,i_nohealth,-0.967
ECON,gr_womenrole,-0.501
ECON,gr_manlymen,-0.605
ECON,ext_success,0.355
AUTH,auth_respect,0.894
AUTH,auth_manners,0.814
AUTH,auth_obey,0.674
AUTH,auth_behaved,0.639
RELIG,relig_serv,0.894
RELIG,relig_imp,0.894
DISTRUST,dist_careful,0.87
DISTRUST,dist_selfish,0.87
DISTRUST,dist_unfair,0.935
INEFF,ineff_nosay,0.703
INEFF,ineff_elecnot,0.703
