lhs,op,rhs,mi,sepc.all
INEFF,=~,e_econbias,509.7,0.32
e_worryless,~~,e_chance,472.4,0.46
e_equalopp,~~,e_fewerprob,463.2,0.43
e_econbias,~~,ineff_nosay,381.5,0.67
ECON,=~,ineff_nosay,289.8,0.14
ECON,=~,ineff_elecnot,289.8,-0.14
AUTH,=~,ineff_nosay,233.9,-0.19
AUTH,=~,ineff_elecnot,233.9,0.19
RELIG,=~,ineff_nosay,228.8,-0.21
RELIG,=~,ineff_elecnot,228.8,0.21
ECON,=~,auth_obey,195.9,0.18
DISTRUST,=~,e_econbias,181.3,0.17
INEFF,=~,e_unfair,164.2,0.18
e_unfair,~~,ineff_nosay,158,0.37
e_wealth,~~,e_econbias,153.6,0.65
AUTH,=~,relig_serv,151.6,-0.15
AUTH,=~,relig_imp,151.6,0.15
INEFF,=~,e_worryless,146.3,-0.18
DISTRUST,=~,e_unfair,143.7,0.15
ineff_nosay,~*~,ineff_nosay,135.5,1
